id,identifier,base_experience,weight,height
1,bulbasaur,64,69.0,7.0
2,ivysaur,142,130.0,10.0
3,venusaur,263,1000.0,20.0
4,charmander,62,85.0,6.0
5,charmeleon,142,190.0,11.0
6,charizard,267,905.0,17.0
7,squirtle,63,90.0,5.0
8,wartortle,142,225.0,10.0
9,blastoise,265,855.0,16.0
11,metapod,72,99.0,7.0
12,butterfree,198,320.0,11.0
14,kakuna,72,100.0,6.0
15,beedrill,178,295.0,10.0
17,pidgeotto,122,300.0,11.0
18,pidgeot,216,395.0,15.0
20,raticate,145,185.0,7.0
22,fearow,155,380.0,12.0
23,ekans,58,69.0,20.0
24,arbok,157,650.0,35.0
25,pikachu,112,60.0,4.0
26,raichu,243,300.0,8.0
27,sandshrew,60,120.0,6.0
28,sandslash,158,295.0,10.0
29,nidoran-f,55,70.0,4.0
30,nidorina,128,200.0,8.0
31,nidoqueen,253,600.0,13.0
32,nidoran-m,55,90.0,5.0
33,nidorino,128,195.0,9.0
34,nidoking,253,620.0,14.0
35,clefairy,113,75.0,6.0
36,clefable,242,400.0,13.0
37,vulpix,60,99.0,6.0
38,ninetales,177,199.0,11.0
39,jigglypuff,95,55.0,5.0
40,wigglytuff,218,120.0,10.0
41,zubat,49,75.0,8.0
42,golbat,159,550.0,16.0
43,oddish,64,54.0,5.0
44,gloom,138,86.0,8.0
45,vileplume,245,186.0,12.0
46,paras,57,54.0,3.0
47,parasect,142,295.0,10.0
48,venonat,61,300.0,10.0
49,venomoth,158,125.0,15.0
51,dugtrio,149,333.0,7.0
53,persian,154,320.0,10.0
54,psyduck,64,196.0,8.0
55,golduck,175,766.0,17.0
56,mankey,61,280.0,5.0
57,primeape,159,320.0,10.0
58,growlithe,70,190.0,7.0
59,arcanine,194,1550.0,19.0
60,poliwag,60,124.0,6.0
61,poliwhirl,135,200.0,10.0
62,poliwrath,255,540.0,13.0
63,abra,62,195.0,9.0
64,kadabra,140,565.0,13.0
65,alakazam,250,480.0,15.0
66,machop,61,195.0,8.0
67,machoke,142,705.0,15.0
68,machamp,253,1300.0,16.0
70,weepinbell,137,64.0,10.0
71,victreebel,221,155.0,17.0
72,tentacool,67,455.0,9.0
73,tentacruel,180,550.0,16.0
74,geodude,60,200.0,4.0
75,graveler,137,1050.0,10.0
76,golem,223,3000.0,14.0
77,ponyta,82,300.0,10.0
78,rapidash,175,950.0,17.0
79,slowpoke,63,360.0,12.0
80,slowbro,172,785.0,16.0
81,magnemite,65,60.0,3.0
82,magneton,163,600.0,10.0
83,farfetchd,132,150.0,8.0
84,doduo,62,392.0,14.0
85,dodrio,165,852.0,18.0
86,seel,65,900.0,11.0
87,dewgong,166,1200.0,17.0
88,grimer,65,300.0,9.0
89,muk,175,300.0,12.0
91,cloyster,184,1325.0,15.0
94,gengar,250,405.0,15.0
95,onix,77,2100.0,88.0
96,drowzee,66,324.0,10.0
97,hypno,169,756.0,16.0
98,krabby,65,65.0,4.0
99,kingler,166,600.0,13.0
100,voltorb,66,104.0,5.0
101,electrode,172,666.0,12.0
103,exeggutor,186,1200.0,20.0
104,cubone,64,65.0,4.0
105,marowak,149,450.0,10.0
106,hitmonlee,159,498.0,15.0
107,hitmonchan,159,502.0,14.0
108,lickitung,77,655.0,12.0
110,weezing,172,95.0,12.0
111,rhyhorn,69,1150.0,10.0
112,rhydon,170,1200.0,19.0
113,chansey,395,346.0,11.0
114,tangela,87,350.0,10.0
115,kangaskhan,172,800.0,22.0
116,horsea,59,80.0,4.0
117,seadra,154,250.0,12.0
118,goldeen,64,150.0,6.0
119,seaking,158,390.0,13.0
120,staryu,68,345.0,8.0
121,starmie,182,800.0,11.0
122,mr-mime,161,545.0,13.0
123,scyther,100,560.0,15.0
124,jynx,159,406.0,14.0
125,electabuzz,172,300.0,11.0
126,magmar,173,445.0,13.0
127,pinsir,175,550.0,15.0
128,tauros,172,884.0,14.0
129,magikarp,40,100.0,9.0
130,gyarados,189,2350.0,65.0
131,lapras,187,2200.0,25.0
133,eevee,65,65.0,3.0
134,vaporeon,184,290.0,10.0
135,jolteon,184,245.0,8.0
136,flareon,184,250.0,9.0
137,porygon,79,365.0,8.0
138,omanyte,71,75.0,4.0
139,omastar,173,350.0,10.0
140,kabuto,71,115.0,5.0
141,kabutops,173,405.0,13.0
142,aerodactyl,180,590.0,18.0
143,snorlax,189,4600.0,21.0
144,articuno,290,554.0,17.0
145,zapdos,290,526.0,16.0
146,moltres,290,600.0,20.0
148,dragonair,147,165.0,40.0
149,dragonite,300,2100.0,22.0
150,mewtwo,340,1220.0,20.0
152,chikorita,64,64.0,9.0
153,bayleef,142,158.0,12.0
154,meganium,236,1005.0,18.0
155,cyndaquil,62,79.0,5.0
156,quilava,142,190.0,9.0
157,typhlosion,240,795.0,17.0
158,totodile,63,95.0,6.0
159,croconaw,142,250.0,11.0
160,feraligatr,239,888.0,23.0
161,sentret,43,60.0,8.0
162,furret,145,325.0,18.0
163,hoothoot,52,212.0,7.0
164,noctowl,158,408.0,16.0
165,ledyba,53,108.0,10.0
166,ledian,137,356.0,14.0
167,spinarak,50,85.0,5.0
168,ariados,140,335.0,11.0
169,crobat,268,750.0,18.0
170,chinchou,66,120.0,5.0
171,lanturn,161,225.0,12.0
178,xatu,165,150.0,15.0
179,mareep,56,78.0,6.0
180,flaaffy,128,133.0,8.0
181,ampharos,230,615.0,14.0
182,bellossom,245,58.0,4.0
183,marill,88,85.0,4.0
184,azumarill,210,285.0,8.0
185,sudowoodo,144,380.0,12.0
186,politoed,250,339.0,11.0
190,aipom,72,115.0,8.0
192,sunflora,149,85.0,8.0
193,yanma,78,380.0,12.0
194,wooper,42,85.0,4.0
195,quagsire,151,750.0,14.0
196,espeon,184,265.0,9.0
197,umbreon,184,270.0,10.0
199,slowking,172,795.0,20.0
201,unown,118,50.0,5.0
202,wobbuffet,142,285.0,13.0
203,girafarig,159,415.0,15.0
204,pineco,58,72.0,6.0
205,forretress,163,1258.0,12.0
206,dunsparce,145,140.0,15.0
207,gligar,86,648.0,11.0
208,steelix,179,4000.0,92.0
209,snubbull,60,78.0,6.0
210,granbull,158,487.0,14.0
212,scizor,175,1180.0,18.0
213,shuckle,177,205.0,6.0
214,heracross,175,540.0,15.0
215,sneasel,86,280.0,9.0
216,teddiursa,66,88.0,6.0
217,ursaring,175,1258.0,18.0
218,slugma,50,350.0,7.0
219,magcargo,151,550.0,8.0
220,swinub,50,65.0,4.0
221,piloswine,158,558.0,11.0
222,corsola,144,50.0,6.0
223,remoraid,60,120.0,6.0
224,octillery,168,285.0,9.0
225,delibird,116,160.0,9.0
226,mantine,170,2200.0,21.0
227,skarmory,163,505.0,17.0
228,houndour,66,108.0,6.0
229,houndoom,175,350.0,14.0
230,kingdra,270,1520.0,18.0
231,phanpy,66,335.0,5.0
232,donphan,175,1200.0,11.0
233,porygon2,180,325.0,6.0
234,stantler,163,712.0,14.0
235,smeargle,88,580.0,12.0
236,tyrogue,42,210.0,7.0
237,hitmontop,159,480.0,14.0
238,smoochum,61,60.0,4.0
239,elekid,72,235.0,6.0
240,magby,73,214.0,7.0
241,miltank,172,755.0,12.0
242,blissey,635,468.0,15.0
243,raikou,290,1780.0,19.0
244,entei,290,1980.0,21.0
245,suicune,290,1870.0,20.0
246,larvitar,60,720.0,6.0
247,pupitar,144,1520.0,12.0
248,tyranitar,300,2020.0,20.0
249,lugia,340,2160.0,52.0
250,ho-oh,340,1990.0,38.0
251,celebi,300,50.0,6.0
252,treecko,62,50.0,5.0
253,grovyle,142,216.0,9.0
254,sceptile,265,522.0,17.0
256,combusken,142,195.0,9.0
257,blaziken,265,520.0,19.0
258,mudkip,62,76.0,4.0
259,marshtomp,142,280.0,7.0
260,swampert,268,819.0,15.0
261,poochyena,56,136.0,5.0
262,mightyena,147,370.0,10.0
263,zigzagoon,56,175.0,4.0
264,linoone,147,325.0,5.0
266,silcoon,72,100.0,6.0
267,beautifly,178,284.0,10.0
268,cascoon,72,115.0,7.0
269,dustox,173,316.0,12.0
271,lombre,119,325.0,12.0
272,ludicolo,240,550.0,15.0
274,nuzleaf,119,280.0,10.0
275,shiftry,240,596.0,13.0
277,swellow,159,198.0,7.0
278,wingull,54,95.0,6.0
279,pelipper,154,280.0,12.0
280,ralts,40,66.0,4.0
281,kirlia,97,202.0,8.0
282,gardevoir,259,484.0,16.0
286,breloom,161,392.0,12.0
287,slakoth,56,240.0,8.0
288,vigoroth,154,465.0,14.0
289,slaking,252,1305.0,20.0
290,nincada,53,55.0,5.0
291,ninjask,160,120.0,8.0
293,whismur,48,163.0,6.0
294,loudred,126,405.0,10.0
295,exploud,245,840.0,15.0
296,makuhita,47,864.0,10.0
297,hariyama,166,2538.0,23.0
299,nosepass,75,970.0,10.0
300,skitty,52,110.0,6.0
301,delcatty,140,326.0,11.0
302,sableye,133,110.0,5.0
303,mawile,133,115.0,6.0
304,aron,66,600.0,4.0
305,lairon,151,1200.0,9.0
306,aggron,265,3600.0,21.0
307,meditite,56,112.0,6.0
308,medicham,144,315.0,13.0
309,electrike,59,152.0,6.0
310,manectric,166,402.0,15.0
313,volbeat,151,177.0,7.0
314,illumise,151,177.0,6.0
316,gulpin,60,103.0,4.0
317,swalot,163,800.0,17.0
318,carvanha,61,208.0,8.0
319,sharpedo,161,888.0,18.0
320,wailmer,80,1300.0,20.0
321,wailord,175,3980.0,145.0
322,numel,61,240.0,7.0
323,camerupt,161,2200.0,19.0
324,torkoal,165,804.0,5.0
325,spoink,66,306.0,7.0
326,grumpig,165,715.0,9.0
327,spinda,126,50.0,11.0
328,trapinch,58,150.0,7.0
329,vibrava,119,153.0,11.0
330,flygon,260,820.0,20.0
331,cacnea,67,513.0,4.0
332,cacturne,166,774.0,13.0
334,altaria,172,206.0,11.0
335,zangoose,160,403.0,13.0
336,seviper,160,525.0,27.0
337,lunatone,161,1680.0,10.0
338,solrock,161,1540.0,12.0
340,whiscash,164,236.0,9.0
341,corphish,62,115.0,6.0
342,crawdaunt,164,328.0,11.0
343,baltoy,60,215.0,5.0
344,claydol,175,1080.0,15.0
345,lileep,71,238.0,10.0
346,cradily,173,604.0,15.0
347,anorith,71,125.0,7.0
348,armaldo,173,682.0,15.0
349,feebas,40,74.0,6.0
350,milotic,189,1620.0,62.0
352,kecleon,154,220.0,10.0
354,banette,159,125.0,11.0
355,duskull,59,150.0,8.0
356,dusclops,159,306.0,16.0
357,tropius,161,1000.0,20.0
359,absol,163,470.0,12.0
360,wynaut,52,140.0,6.0
361,snorunt,60,168.0,7.0
362,glalie,168,2565.0,15.0
363,spheal,58,395.0,8.0
364,sealeo,144,876.0,11.0
365,walrein,265,1506.0,14.0
366,clamperl,69,525.0,4.0
367,huntail,170,270.0,17.0
368,gorebyss,170,226.0,18.0
369,relicanth,170,234.0,10.0
370,luvdisc,116,87.0,6.0
371,bagon,60,421.0,6.0
372,shelgon,147,1105.0,11.0
373,salamence,300,1026.0,15.0
374,beldum,60,952.0,6.0
375,metang,147,2025.0,12.0
376,metagross,300,5500.0,16.0
377,regirock,290,2300.0,17.0
378,regice,290,1750.0,18.0
379,registeel,290,2050.0,19.0
380,latias,300,400.0,14.0
381,latios,300,600.0,20.0
382,kyogre,335,3520.0,45.0
383,groudon,335,9500.0,35.0
384,rayquaza,340,2065.0,70.0
386,deoxys-normal,270,608.0,17.0
387,turtwig,64,102.0,4.0
388,grotle,142,970.0,11.0
389,torterra,236,3100.0,22.0
390,chimchar,62,62.0,5.0
391,monferno,142,220.0,9.0
392,infernape,240,550.0,12.0
393,piplup,63,52.0,4.0
394,prinplup,142,230.0,8.0
395,empoleon,239,845.0,17.0
397,staravia,119,155.0,6.0
398,staraptor,218,249.0,12.0
399,bidoof,50,200.0,5.0
400,bibarel,144,315.0,10.0
402,kricketune,134,255.0,10.0
403,shinx,53,95.0,5.0
404,luxio,127,305.0,9.0
405,luxray,262,420.0,14.0
407,roserade,258,145.0,9.0
408,cranidos,70,315.0,9.0
409,rampardos,173,1025.0,16.0
410,shieldon,70,570.0,5.0
411,bastiodon,173,1495.0,13.0
413,wormadam-plant,148,65.0,5.0
414,mothim,148,233.0,9.0
415,combee,49,55.0,3.0
416,vespiquen,166,385.0,12.0
418,buizel,66,295.0,7.0
419,floatzel,173,335.0,11.0
421,cherrim,158,93.0,5.0
422,shellos,65,63.0,3.0
423,gastrodon,166,299.0,9.0
424,ambipom,169,203.0,12.0
426,drifblim,174,150.0,12.0
427,buneary,70,55.0,4.0
428,lopunny,168,333.0,12.0
430,honchkrow,177,273.0,9.0
432,purugly,158,438.0,10.0
434,stunky,66,192.0,4.0
435,skuntank,168,380.0,10.0
436,bronzor,60,605.0,5.0
437,bronzong,175,1870.0,13.0
438,bonsly,58,150.0,5.0
439,mime-jr,62,130.0,6.0
440,happiny,110,244.0,6.0
442,spiritomb,170,1080.0,10.0
443,gible,60,205.0,7.0
444,gabite,144,560.0,14.0
445,garchomp,300,950.0,19.0
446,munchlax,78,1050.0,6.0
447,riolu,57,202.0,7.0
448,lucario,184,540.0,12.0
449,hippopotas,66,495.0,8.0
450,hippowdon,184,3000.0,20.0
451,skorupi,66,120.0,8.0
452,drapion,175,615.0,13.0
453,croagunk,60,230.0,7.0
454,toxicroak,172,444.0,13.0
455,carnivine,159,270.0,14.0
456,finneon,66,70.0,4.0
457,lumineon,161,240.0,12.0
458,mantyke,69,650.0,10.0
459,snover,67,505.0,10.0
460,abomasnow,173,1355.0,22.0
461,weavile,179,340.0,11.0
462,magnezone,268,1800.0,12.0
463,lickilicky,180,1400.0,17.0
464,rhyperior,268,2828.0,24.0
465,tangrowth,187,1286.0,20.0
466,electivire,270,1386.0,18.0
467,magmortar,270,680.0,16.0
468,togekiss,273,380.0,15.0
469,yanmega,180,515.0,19.0
470,leafeon,184,255.0,10.0
471,glaceon,184,259.0,8.0
472,gliscor,179,425.0,20.0
473,mamoswine,265,2910.0,25.0
474,porygon-z,268,340.0,9.0
475,gallade,259,520.0,16.0
476,probopass,184,3400.0,14.0
477,dusknoir,263,1066.0,22.0
478,froslass,168,266.0,13.0
483,dialga,340,6830.0,54.0
484,palkia,340,3360.0,42.0
485,heatran,300,4300.0,17.0
486,regigigas,335,4200.0,37.0
487,giratina-altered,340,7500.0,45.0
488,cresselia,300,856.0,15.0
491,darkrai,270,505.0,15.0
493,arceus,324,3200.0,32.0
495,snivy,62,81.0,6.0
496,servine,145,160.0,8.0
497,serperior,238,630.0,33.0
498,tepig,62,99.0,5.0
499,pignite,146,555.0,10.0
500,emboar,238,1500.0,16.0
501,oshawott,62,59.0,5.0
502,dewott,145,245.0,8.0
503,samurott,238,946.0,15.0
504,patrat,51,116.0,5.0
505,watchog,147,270.0,11.0
507,herdier,130,147.0,9.0
508,stoutland,250,610.0,12.0
509,purrloin,56,101.0,4.0
510,liepard,156,375.0,11.0
511,pansage,63,105.0,6.0
512,simisage,174,305.0,11.0
513,pansear,63,110.0,6.0
514,simisear,174,280.0,10.0
515,panpour,63,135.0,6.0
516,simipour,174,290.0,10.0
517,munna,58,233.0,6.0
518,musharna,170,605.0,11.0
520,tranquill,125,150.0,6.0
521,unfezant,244,290.0,12.0
522,blitzle,59,298.0,8.0
523,zebstrika,174,795.0,16.0
524,roggenrola,56,180.0,4.0
525,boldore,137,1020.0,9.0
526,gigalith,258,2600.0,17.0
528,swoobat,149,105.0,9.0
529,drilbur,66,85.0,3.0
530,excadrill,178,404.0,7.0
531,audino,390,310.0,11.0
532,timburr,61,125.0,6.0
533,gurdurr,142,400.0,12.0
534,conkeldurr,253,870.0,14.0
536,palpitoad,134,170.0,8.0
537,seismitoad,255,620.0,15.0
538,throh,163,555.0,13.0
539,sawk,163,510.0,14.0
541,swadloon,133,73.0,5.0
542,leavanny,225,205.0,12.0
543,venipede,52,53.0,4.0
544,whirlipede,126,585.0,12.0
545,scolipede,243,2005.0,25.0
547,whimsicott,168,66.0,7.0
548,petilil,56,66.0,5.0
549,lilligant,168,163.0,11.0
550,basculin-red-striped,161,180.0,10.0
551,sandile,58,152.0,7.0
552,krokorok,123,334.0,10.0
553,krookodile,260,963.0,15.0
554,darumaka,63,375.0,6.0
555,darmanitan-standard,168,929.0,13.0
556,maractus,161,280.0,10.0
557,dwebble,65,145.0,3.0
558,crustle,170,2000.0,14.0
559,scraggy,70,118.0,6.0
560,scrafty,171,300.0,11.0
561,sigilyph,172,140.0,14.0
563,cofagrigus,169,765.0,17.0
564,tirtouga,71,165.0,7.0
565,carracosta,173,810.0,12.0
566,archen,71,95.0,5.0
567,archeops,177,320.0,14.0
568,trubbish,66,310.0,6.0
569,garbodor,166,1073.0,19.0
570,zorua,66,125.0,7.0
571,zoroark,179,811.0,16.0
572,minccino,60,58.0,4.0
573,cinccino,165,75.0,5.0
574,gothita,58,58.0,4.0
575,gothorita,137,180.0,7.0
576,gothitelle,245,440.0,15.0
578,duosion,130,80.0,6.0
579,reuniclus,245,201.0,10.0
580,ducklett,61,55.0,5.0
581,swanna,166,242.0,13.0
582,vanillite,61,57.0,4.0
583,vanillish,138,410.0,11.0
584,vanilluxe,268,575.0,13.0
585,deerling,67,195.0,6.0
586,sawsbuck,166,925.0,19.0
587,emolga,150,50.0,4.0
588,karrablast,63,59.0,5.0
589,escavalier,173,330.0,10.0
591,amoonguss,162,105.0,6.0
592,frillish,67,330.0,12.0
593,jellicent,168,1350.0,22.0
594,alomomola,165,316.0,12.0
596,galvantula,165,143.0,8.0
597,ferroseed,61,188.0,6.0
598,ferrothorn,171,1100.0,10.0
599,klink,60,210.0,3.0
600,klang,154,510.0,6.0
601,klinklang,260,810.0,6.0
603,eelektrik,142,220.0,12.0
604,eelektross,232,805.0,21.0
605,elgyem,67,90.0,5.0
606,beheeyem,170,345.0,10.0
608,lampent,130,130.0,6.0
609,chandelure,260,343.0,10.0
610,axew,64,180.0,6.0
611,fraxure,144,360.0,10.0
612,haxorus,270,1055.0,18.0
613,cubchoo,61,85.0,5.0
614,beartic,177,2600.0,26.0
615,cryogonal,180,1480.0,11.0
616,shelmet,61,77.0,4.0
617,accelgor,173,253.0,8.0
618,stunfisk,165,110.0,7.0
619,mienfoo,70,200.0,9.0
620,mienshao,179,355.0,14.0
621,druddigon,170,1390.0,16.0
622,golett,61,920.0,10.0
623,golurk,169,3300.0,28.0
624,pawniard,68,102.0,5.0
625,bisharp,172,700.0,16.0
626,bouffalant,172,946.0,16.0
627,rufflet,70,105.0,5.0
628,braviary,179,410.0,15.0
629,vullaby,74,90.0,5.0
630,mandibuzz,179,395.0,12.0
631,heatmor,169,580.0,14.0
632,durant,169,330.0,3.0
633,deino,60,173.0,8.0
634,zweilous,147,500.0,14.0
635,hydreigon,300,1600.0,18.0
636,larvesta,72,288.0,11.0
637,volcarona,275,460.0,16.0
638,cobalion,290,2500.0,21.0
639,terrakion,290,2600.0,19.0
640,virizion,290,2000.0,20.0
641,tornadus-incarnate,290,630.0,15.0
642,thundurus-incarnate,290,610.0,15.0
643,reshiram,340,3300.0,32.0
644,zekrom,340,3450.0,29.0
645,landorus-incarnate,300,680.0,15.0
646,kyurem,330,3250.0,30.0
647,keldeo-ordinary,290,485.0,14.0
648,meloetta-aria,270,65.0,6.0
649,genesect,300,825.0,15.0
650,chespin,63,90.0,4.0
651,quilladin,142,290.0,7.0
652,chesnaught,239,900.0,16.0
653,fennekin,61,94.0,4.0
654,braixen,143,145.0,10.0
655,delphox,240,390.0,15.0
656,froakie,63,70.0,3.0
657,frogadier,142,109.0,6.0
658,greninja,239,400.0,15.0
659,bunnelby,47,50.0,4.0
660,diggersby,148,424.0,10.0
662,fletchinder,134,160.0,7.0
663,talonflame,175,245.0,12.0
665,spewpa,75,84.0,3.0
666,vivillon,185,170.0,12.0
667,litleo,74,135.0,6.0
668,pyroar,177,815.0,15.0
671,florges,248,100.0,11.0
672,skiddo,70,310.0,9.0
673,gogoat,186,910.0,17.0
674,pancham,70,80.0,6.0
675,pangoro,173,1360.0,21.0
676,furfrou,165,280.0,12.0
678,meowstic-male,163,85.0,6.0
681,aegislash-shield,250,530.0,17.0
683,aromatisse,162,155.0,8.0
685,slurpuff,168,50.0,8.0
687,malamar,169,470.0,15.0
688,binacle,61,310.0,5.0
689,barbaracle,175,960.0,13.0
690,skrelp,64,73.0,5.0
691,dragalge,173,815.0,18.0
692,clauncher,66,83.0,5.0
693,clawitzer,100,353.0,13.0
694,helioptile,58,60.0,5.0
695,heliolisk,168,210.0,10.0
696,tyrunt,72,260.0,8.0
697,tyrantrum,182,2700.0,25.0
698,amaura,72,252.0,13.0
699,aurorus,104,2250.0,27.0
700,sylveon,184,235.0,10.0
701,hawlucha,175,215.0,8.0
703,carbink,100,57.0,3.0
705,sliggoo,158,175.0,8.0
706,goodra,300,1505.0,20.0
708,phantump,62,70.0,4.0
709,trevenant,166,710.0,15.0
710,pumpkaboo-average,67,50.0,4.0
711,gourgeist-average,173,125.0,9.0
712,bergmite,61,995.0,10.0
713,avalugg,180,5050.0,20.0
714,noibat,49,80.0,5.0
715,noivern,187,850.0,15.0
716,xerneas,340,2150.0,30.0
717,yveltal,340,2030.0,58.0
718,zygarde-50,300,3050.0,50.0
719,diancie,300,88.0,7.0
720,hoopa,270,90.0,5.0
721,volcanion,300,1950.0,17.0
723,dartrix,147,160.0,7.0
724,decidueye,265,366.0,16.0
726,torracat,147,250.0,7.0
727,incineroar,265,830.0,18.0
728,popplio,64,75.0,4.0
729,brionne,147,175.0,6.0
730,primarina,265,440.0,18.0
732,trumbeak,124,148.0,6.0
733,toucannon,218,260.0,11.0
734,yungoos,51,60.0,4.0
735,gumshoos,146,142.0,7.0
737,charjabug,140,105.0,5.0
738,vikavolt,250,450.0,15.0
739,crabrawler,68,70.0,6.0
740,crabominable,167,1800.0,17.0
744,rockruff,56,92.0,5.0
745,lycanroc-midday,170,250.0,8.0
747,mareanie,61,80.0,4.0
748,toxapex,173,145.0,7.0
749,mudbray,77,1100.0,10.0
750,mudsdale,175,9200.0,25.0
752,araquanid,159,820.0,18.0
754,lurantis,168,185.0,9.0
756,shiinotic,142,115.0,10.0
758,salazzle,168,222.0,12.0
759,stufful,68,68.0,5.0
760,bewear,175,1350.0,21.0
762,steenee,102,82.0,7.0
763,tsareena,255,214.0,12.0
765,oranguru,172,760.0,15.0
766,passimian,172,828.0,20.0
767,wimpod,46,120.0,5.0
768,golisopod,186,1080.0,20.0
769,sandygast,64,700.0,5.0
770,palossand,168,2500.0,13.0
772,type-null,107,1205.0,19.0
773,silvally,285,1005.0,23.0
774,minior-red-meteor,154,400.0,3.0
775,komala,168,199.0,4.0
776,turtonator,170,2120.0,20.0
779,bruxish,166,190.0,9.0
780,drampa,170,1850.0,30.0
781,dhelmise,181,2100.0,39.0
782,jangmo-o,60,297.0,6.0
783,hakamo-o,147,470.0,12.0
784,kommo-o,300,782.0,16.0
785,tapu-koko,285,205.0,18.0
786,tapu-lele,285,186.0,12.0
787,tapu-bulu,285,455.0,19.0
788,tapu-fini,285,212.0,13.0
790,cosmoem,140,9999.0,1.0
791,solgaleo,340,2300.0,34.0
792,lunala,340,1200.0,40.0
793,nihilego,285,555.0,12.0
794,buzzwole,285,3336.0,24.0
795,pheromosa,285,250.0,18.0
796,xurkitree,285,1000.0,38.0
797,celesteela,285,9999.0,92.0
799,guzzlord,285,8880.0,55.0
800,necrozma,300,2300.0,24.0
801,magearna,300,805.0,10.0
802,marshadow,300,222.0,7.0
804,naganadel,270,1500.0,36.0
805,stakataka,285,8200.0,55.0
806,blacephalon,285,130.0,18.0
807,zeraora,300,445.0,15.0
808,meltan,150,80.0,2.0
809,melmetal,300,8000.0,25.0
810,grookey,62,50.0,3.0
811,thwackey,147,140.0,7.0
812,rillaboom,265,900.0,21.0
814,raboot,147,90.0,6.0
815,cinderace,265,330.0,14.0
817,drizzile,147,115.0,7.0
818,inteleon,265,452.0,19.0
820,greedent,161,60.0,6.0
822,corvisquire,128,160.0,8.0
823,corviknight,248,750.0,22.0
824,blipbug,36,80.0,4.0
825,dottler,117,195.0,4.0
826,orbeetle,253,408.0,4.0
827,nickit,49,89.0,6.0
828,thievul,159,199.0,12.0
831,wooloo,122,60.0,6.0
832,dubwool,172,430.0,13.0
833,chewtle,57,85.0,3.0
834,drednaw,170,1155.0,10.0
835,yamper,54,135.0,3.0
836,boltund,172,340.0,10.0
837,rolycoly,48,120.0,3.0
838,carkol,144,780.0,11.0
839,coalossal,255,3105.0,28.0
842,appletun,170,130.0,4.0
843,silicobra,63,76.0,22.0
844,sandaconda,179,655.0,38.0
845,cramorant,166,180.0,8.0
847,barraskewda,172,300.0,13.0
848,toxel,48,110.0,4.0
849,toxtricity-amped,176,400.0,16.0
851,centiskorch,184,1200.0,30.0
853,grapploct,168,390.0,16.0
858,hatterene,255,51.0,21.0
859,impidimp,53,55.0,4.0
860,morgrem,130,125.0,8.0
861,grimmsnarl,255,610.0,15.0
862,obstagoon,260,460.0,16.0
863,perrserker,154,280.0,8.0
865,sirfetchd,177,1170.0,8.0
866,mr-rime,182,582.0,15.0
867,runerigus,169,666.0,16.0
870,falinks,165,620.0,30.0
873,frosmoth,166,420.0,13.0
874,stonjourner,165,5200.0,25.0
875,eiscue-ice,165,890.0,14.0
876,indeedee-male,166,280.0,9.0
878,cufant,66,1000.0,12.0
879,copperajah,175,6500.0,30.0
880,dracozolt,177,1900.0,18.0
881,arctozolt,177,1500.0,23.0
882,dracovish,177,2150.0,23.0
883,arctovish,177,1750.0,20.0
884,duraludon,187,400.0,18.0
886,drakloak,144,110.0,14.0
887,dragapult,300,500.0,30.0
888,zacian,335,1100.0,28.0
889,zamazenta,335,2100.0,29.0
890,eternatus,345,9500.0,200.0
891,kubfu,77,120.0,6.0
892,urshifu-single-strike,275,1050.0,19.0
893,zarude,300,700.0,18.0
894,regieleki,290,1450.0,12.0
895,regidrago,290,2000.0,21.0
896,glastrier,290,8000.0,22.0
897,spectrier,290,445.0,20.0
898,calyrex,250,77.0,11.0
10001,deoxys-attack,270,608.0,17.0
10002,deoxys-defense,270,608.0,17.0
10003,deoxys-speed,270,608.0,17.0
10004,wormadam-sandy,148,65.0,5.0
10005,wormadam-trash,148,65.0,5.0
10006,shaymin-sky,270,52.0,4.0
10007,giratina-origin,340,6500.0,69.0
10016,basculin-blue-striped,161,180.0,10.0
10017,darmanitan-zen,189,929.0,13.0
10018,meloetta-pirouette,270,65.0,6.0
10019,tornadus-therian,290,630.0,14.0
10020,thundurus-therian,290,610.0,30.0
10021,landorus-therian,300,680.0,13.0
10022,kyurem-black,350,3250.0,33.0
10023,kyurem-white,350,3250.0,36.0
10024,keldeo-resolute,290,485.0,14.0
10025,meowstic-female,163,85.0,6.0
10026,aegislash-blade,250,530.0,17.0
10028,pumpkaboo-large,67,75.0,5.0
10029,pumpkaboo-super,67,150.0,8.0
10030,gourgeist-small,173,95.0,7.0
10031,gourgeist-large,173,140.0,11.0
10032,gourgeist-super,173,390.0,17.0
10033,venusaur-mega,281,1555.0,24.0
10034,charizard-mega-x,285,1105.0,17.0
10035,charizard-mega-y,285,1005.0,17.0
10036,blastoise-mega,284,1011.0,16.0
10037,alakazam-mega,270,480.0,12.0
10038,gengar-mega,270,405.0,14.0
10039,kangaskhan-mega,207,1000.0,22.0
10040,pinsir-mega,210,590.0,17.0
10041,gyarados-mega,224,3050.0,65.0
10042,aerodactyl-mega,215,790.0,21.0
10043,mewtwo-mega-x,351,1270.0,23.0
10044,mewtwo-mega-y,351,330.0,15.0
10045,ampharos-mega,275,615.0,14.0
10046,scizor-mega,210,1250.0,20.0
10047,heracross-mega,210,625.0,17.0
10048,houndoom-mega,210,495.0,19.0
10049,tyranitar-mega,315,2550.0,25.0
10050,blaziken-mega,284,520.0,19.0
10051,gardevoir-mega,278,484.0,16.0
10052,mawile-mega,168,235.0,10.0
10053,aggron-mega,284,3950.0,22.0
10054,medicham-mega,179,315.0,13.0
10055,manectric-mega,201,440.0,18.0
10056,banette-mega,194,130.0,12.0
10057,absol-mega,198,490.0,12.0
10058,garchomp-mega,315,950.0,19.0
10059,lucario-mega,219,575.0,13.0
10060,abomasnow-mega,208,1850.0,27.0
10062,latias-mega,315,520.0,18.0
10063,latios-mega,315,700.0,23.0
10064,swampert-mega,286,1020.0,19.0
10065,sceptile-mega,284,552.0,19.0
10066,sableye-mega,168,1610.0,5.0
10067,altaria-mega,207,206.0,15.0
10068,gallade-mega,278,564.0,16.0
10069,audino-mega,425,320.0,15.0
10070,sharpedo-mega,196,1303.0,25.0
10071,slowbro-mega,207,1200.0,20.0
10072,steelix-mega,214,7400.0,105.0
10073,pidgeot-mega,261,505.0,22.0
10074,glalie-mega,203,3502.0,21.0
10075,diancie-mega,315,278.0,11.0
10076,metagross-mega,315,9429.0,25.0
10077,kyogre-primal,347,4300.0,98.0
10078,groudon-primal,347,9997.0,50.0
10079,rayquaza-mega,351,3920.0,108.0
10080,pikachu-rock-star,112,60.0,4.0
10081,pikachu-belle,112,60.0,4.0
10082,pikachu-pop-star,112,60.0,4.0
10083,pikachu-phd,112,60.0,4.0
10084,pikachu-libre,112,60.0,4.0
10085,pikachu-cosplay,112,60.0,4.0
10086,hoopa-unbound,306,4900.0,65.0
10087,camerupt-mega,196,3205.0,25.0
10088,lopunny-mega,203,283.0,13.0
10089,salamence-mega,315,1126.0,18.0
10090,beedrill-mega,223,405.0,14.0
10092,raticate-alola,145,255.0,7.0
10093,raticate-totem-alola,145,1050.0,14.0
10094,pikachu-original-cap,112,60.0,4.0
10095,pikachu-hoenn-cap,112,60.0,4.0
10096,pikachu-sinnoh-cap,112,60.0,4.0
10097,pikachu-unova-cap,112,60.0,4.0
10098,pikachu-kalos-cap,112,60.0,4.0
10099,pikachu-alola-cap,112,60.0,4.0
10100,raichu-alola,243,210.0,7.0
10101,sandshrew-alola,60,400.0,7.0
10102,sandslash-alola,158,550.0,12.0
10103,vulpix-alola,60,99.0,6.0
10104,ninetales-alola,177,199.0,11.0
10106,dugtrio-alola,149,666.0,7.0
10108,persian-alola,154,330.0,11.0
10109,geodude-alola,60,203.0,4.0
10110,graveler-alola,137,1100.0,10.0
10111,golem-alola,223,3160.0,17.0
10112,grimer-alola,65,420.0,7.0
10113,muk-alola,175,520.0,10.0
10114,exeggutor-alola,186,4156.0,109.0
10115,marowak-alola,149,340.0,10.0
10116,greninja-battle-bond,239,400.0,15.0
10117,greninja-ash,288,400.0,15.0
10118,zygarde-10-power-construct,243,335.0,12.0
10119,zygarde-50-power-construct,300,3050.0,50.0
10120,zygarde-complete,354,6100.0,45.0
10121,gumshoos-totem,146,600.0,14.0
10122,vikavolt-totem,225,1475.0,26.0
10126,lycanroc-midnight,170,250.0,11.0
10127,wishiwashi-school,217,786.0,82.0
10128,lurantis-totem,168,580.0,15.0
10129,salazzle-totem,168,810.0,21.0
10130,minior-orange-meteor,154,400.0,3.0
10131,minior-yellow-meteor,154,400.0,3.0
10132,minior-green-meteor,154,400.0,3.0
10133,minior-blue-meteor,154,400.0,3.0
10134,minior-indigo-meteor,154,400.0,3.0
10135,minior-violet-meteor,154,400.0,3.0
10146,kommo-o-totem,270,2075.0,24.0
10147,magearna-original,300,805.0,10.0
10148,pikachu-partner-cap,112,60.0,4.0
10149,marowak-totem,149,980.0,17.0
10151,rockruff-own-tempo,56,92.0,5.0
10152,lycanroc-dusk,170,250.0,8.0
10153,araquanid-totem,159,2175.0,31.0
10154,togedemaru-totem,152,130.0,6.0
10155,necrozma-dusk,340,4600.0,38.0
10156,necrozma-dawn,340,3500.0,42.0
10157,necrozma-ultra,339,2300.0,75.0
10158,pikachu-starter,86,60.0,4.0
10159,eevee-starter,87,65.0,3.0
10160,pikachu-world-cap,112,60.0,4.0
10161,meowth-galar,58,75.0,4.0
10162,ponyta-galar,82,240.0,8.0
10163,rapidash-galar,175,800.0,17.0
10164,slowpoke-galar,63,360.0,12.0
10165,slowbro-galar,172,705.0,16.0
10166,farfetchd-galar,132,420.0,8.0
10167,weezing-galar,172,160.0,30.0
10168,mr-mime-galar,161,568.0,14.0
10169,articuno-galar,290,509.0,17.0
10170,zapdos-galar,290,582.0,16.0
10171,moltres-galar,290,660.0,20.0
10172,slowking-galar,172,795.0,18.0
10174,zigzagoon-galar,56,175.0,4.0
10175,linoone-galar,147,325.0,5.0
10176,darumaka-galar,63,400.0,7.0
10177,darmanitan-galar-standard,168,1200.0,17.0
10178,darmanitan-galar-zen,189,1200.0,17.0
10180,stunfisk-galar,165,205.0,7.0
10181,zygarde-10,243,335.0,12.0
10182,cramorant-gulping,166,180.0,8.0
10183,cramorant-gorging,166,180.0,8.0
10184,toxtricity-low-key,176,400.0,16.0
10185,eiscue-noice,165,890.0,14.0
10186,indeedee-female,166,280.0,9.0
10188,zacian-crowned,360,3550.0,28.0
10189,zamazenta-crowned,360,7850.0,29.0
10191,urshifu-rapid-strike,275,1050.0,19.0
10192,zarude-dada,300,700.0,18.0
10193,calyrex-ice,340,8091.0,24.0
10194,calyrex-shadow,340,536.0,24.0
